,Filename,Add,Delete,Last_Name,First_Name,Middle_Name,Gender,Social_Security_Number,Date_Of_Birth,Relationship,Type_Of_Coverage
0,Benefits-Enrollement-Form-1--.pdf,,,,,,,,,,
1,Benefits-Enrollment-Form-2-.pdf,,,Roberts,Milly,A,Female,362-16-1055,11/1/1960,Wife,"Medical,Dental,Vision"
2,Benefits-Enrollment-Form-2-.pdf,,,Roberts,John,H,Male,397-15-1099,6/2/1999,Son,"Medical,Dental,Vision"
3,Benefits-Enrollment-Form-3-.pdf,,,Campbell,Jade,S,Female,632-18-9731,4/15/2002,Daughter,"Medical,Dental,Vision"
4,Benefits-Enrollment-Form-3-.pdf,,,Campbell,Josh,M,Male,732-14-9431,6/16/1990,Son,"Medical,Dental,Vision"
5,Benefits-Enrollment-Form-3-.pdf,,,Campbell,John,L,Male,632-15-4931,1/1/1987,Husbend,"Medical,Vision"
6,Benefits-Enrollment-Form-4-.pdf,,,,,,,,,,
7,Benefits-Enrollment-Form-5-.pdf,,,,,,,,,,
9,Benefits-Enrollment-Form-7-.pdf,,,,,,,,,,
10,Benefits-Enrollment-Form-8-.pdf,,,,,,,,,,
14,Benefits-Enrollment-Form-10-.pdf,Add,,Lucy,Jones,L,Female,365-11-1102,2/1/2002,Daughter,"Medical,Dental,Vision"
