Filename,Form_Type,Legal_Marital_Status,Sex,Date_Of_Birth,Employment_Date,Last_Name,First_Name,Middle_Name,Former_Last_Name,Social_Security_Number,Street,City,State,Zip_Code,Telephone,Email_Address
Benefits-Enrollement-Form-1--.pdf,Open Enrollment,Married,Male,6/5/1972,8/1/2014,Johnson,Bing,C,,397141092,1807 Fletcher,Westland,MI,48127,248 272-1801,Bing.J13@gmail.com
Benefits-Enrollement-Form-2--.pdf,Open Enrollment,Married,Male,11/20/1955,7/15/2016,Roberts,Floyd,D,,355811158,20245 Hayes St,Livonia,MI,48152,248 839-7011,Rfloyd@yahoo.com
Benefits-Enrollement-Form-3--.pdf,,Married,Female,10/3/1990,3/15/2010,Campbell,Lucy,J,,362317791,3641 Jackson Ave,Aubum Hills,MI,48361,248 632-9431,LUCY15@hotmail.com
Benefits-Enrollement-Form-4--.pdf,,Not Married,Male,6/20/1993,3/4/2013,Template ,Josh,N,,632134810,3610 Riverdale,Redford,MI,48362,313 5863214,TemplateJ@gmail.com
Benefits-Enrollement-Form-5--.pdf,,Not Married,Female,3/10/1984,6/3/2001,Vasquez,Jenni,L,,634001012,3621 Vengo,Rochester Hills,MI,48391,613 632  0431,Vsenni@yahoo.com
Benefits-Enrollement-Form-6--.pdf,,Married,Male,12/13/1962,                         30/01/2015,Kender,Andrew,L,,365032101,1010 Jefferson Ave,Detroit,MI,48390,123 563 0214,KAIS@yahoo.com
Benefits-Enrollement-Form-7--.pdf,,Not Married,Female,11/13/1998,12/13/2009,Lopez,Lola,M,,,6320 Techno Ave,Southfield,MI,46320,313 563 4300,LolaLopez15@gmail.com
Benefits-Enrollement-Form-8--.pdf,,Not Married,Female,12/13/1988,11/7/2010,Love,Lz,,,,Allen Rd,Westland,MI,43210,632 463 3410,LizLove@aol.com
Benefits-Enrollement-Form-9--.pdf,,Married,Male,8/16/1969,2/9/2011,Brevin,Cosl,D,,375658945,1800 Maple Sx,Brighten,MI,48122,313 837-1621,coslbrevin12@gmail.com
Benefits-Enrollement-Form-10--.pdf,,Married,Male,11/10/1983,1/1/2017,Jones,James,J,,,Camp Rd,Livenia,MI,48321,111 032-531,Jameshotls@hotmail.com
